{
    "pos": {
        "x": -2.2636711597442629,
        "y": 0.9704681038856506,
        "z": 0.8875749111175537
    },
    "rot": {
        "x": 0.0,
        "y": 0.34338313341140749,
        "z": 0.0,
        "w": -0.9391953945159912
    },
    "scale": {
        "x": 1.0,
        "y": 1.0,
        "z": 1.0
    }
}